[
  {
    "id": "andy",
    "host": "206.189.34.239",
    "port": 22,
    "username": "root",
    "password": "wanipiro123",
    "domain": "konohagakure.klmpk.me"
  },
  {
    "id": "andy2",
    "host": "143.198.206.18",
    "port": 22,
    "username": "root",
    "password": "1997Andyyuda",
    "domain": "asx-pp10n.klmpk.cfd"
  },
  {
    "id": "xdxl",
    "host": "082131861788",
    "port": 22,
    "username": "xdxl",
    "password": "12345678",
    "domain": "xdxl.com"
  },
  {
    "id": "andy3",
    "host": "159.65.130.80",
    "port": 22,
    "username": "root",
    "password": "Tj4Rw6Lo5",
    "domain": "jnldh.klmpk.systems"
  }
]