{
  "6282131861788@s.whatsapp.net": {
    "serialNumber": "01e03cdc2d7c8a92855a513339635071",
    "title": "Premium",
    "afkTime": -1,
    "badword": 0,
    "afkReason": "",
    "nick": "AndyyudaStore",
    "premium": "true",
    "limit": 2001000,
    "totalLimit": 0
  },
  "6285935195701@s.whatsapp.net": {
    "serialNumber": "09a2b398e218cb09f2420df10f626229",
    "title": "User",
    "afkTime": -1,
    "badword": 0,
    "afkReason": "",
    "nick": "XDXL STORE REAL『 𝙓𝘿 』",
    "premium": false,
    "limit": 10100,
    "totalLimit": 0
  },
  "6282126352133@s.whatsapp.net": {
    "serialNumber": "323a921d4a7b1acb5eb6db40ce81e015",
    "title": "User",
    "afkTime": -1,
    "badword": 0,
    "afkReason": "",
    "nick": "VPN SERVER",
    "premium": false,
    "limit": 100,
    "totalLimit": 0
  },
  "6287872304226@s.whatsapp.net": {
    "serialNumber": "b4fba5dbe87f336b8973d6a719925e66",
    "title": "User",
    "afkTime": -1,
    "badword": 0,
    "afkReason": "",
    "nick": "NAURA ENGINEERING",
    "premium": false,
    "limit": 100,
    "totalLimit": 0
  },
  "6281366409811@s.whatsapp.net": {
    "serialNumber": "24096e42073dc0ec73693c2f95142121",
    "title": "User",
    "afkTime": -1,
    "badword": 0,
    "afkReason": "",
    "nick": "Naa",
    "premium": false,
    "limit": 100,
    "totalLimit": 0
  },
  "6283167418595@s.whatsapp.net": {
    "serialNumber": "f68377a61f9189fd4f03998865b61883",
    "title": "User",
    "afkTime": -1,
    "badword": 0,
    "afkReason": "",
    "nick": "minn",
    "premium": "false",
    "limit": 100,
    "totalLimit": 0
  },
  "628985559358@s.whatsapp.net": {
    "serialNumber": "6b900cc4b58b79c4573b270c5fca102e",
    "title": "User",
    "afkTime": -1,
    "badword": 0,
    "afkReason": "",
    "nick": "Muhamad rizki Maulana",
    "premium": "false",
    "limit": 100,
    "totalLimit": 0
  },
  "6285201197548@s.whatsapp.net": {
    "serialNumber": "8bf8a6c84791d680b40fec4f4f21efe9",
    "title": "User",
    "afkTime": -1,
    "badword": 0,
    "afkReason": "",
    "nick": "Fa'iz",
    "premium": "false",
    "limit": 100,
    "totalLimit": 0
  },
  "6283824868596@s.whatsapp.net": {
    "serialNumber": "aec45449cb1e0f3e46ee1faa21d48746",
    "title": "User",
    "afkTime": -1,
    "badword": 0,
    "afkReason": "",
    "nick": "Maulana R",
    "premium": false,
    "limit": 100,
    "totalLimit": 0
  },
  "6285708814390@s.whatsapp.net": {
    "serialNumber": "14ab33a7cbe74eb79ea4eef8379ee8aa",
    "title": "User",
    "afkTime": -1,
    "badword": 0,
    "afkReason": "",
    "nick": "Aswin 2",
    "premium": "false",
    "limit": 100,
    "totalLimit": 0
  },
  "6285810045313@s.whatsapp.net": {
    "serialNumber": "e74601cf2e71cb77f236ed72131be373",
    "title": "User",
    "afkTime": -1,
    "badword": 0,
    "afkReason": "",
    "nick": "LING 99 VPN",
    "premium": "false",
    "limit": 100,
    "totalLimit": 0
  },
  "6283867228380@s.whatsapp.net": {
    "serialNumber": "c33e65edace03358f885418832bf8b8f",
    "title": "User",
    "afkTime": -1,
    "badword": 0,
    "afkReason": "",
    "nick": "damar",
    "premium": false,
    "limit": 100,
    "totalLimit": 0
  },
  "6283117634078@s.whatsapp.net": {
    "serialNumber": "904ddb9d8a904402cf010384d438ec37",
    "title": "User",
    "afkTime": -1,
    "badword": 0,
    "afkReason": "",
    "nick": "Arz Digital",
    "premium": false,
    "limit": 100,
    "totalLimit": 0
  },
  "6288983164109@s.whatsapp.net": {
    "serialNumber": "e23b9cd09c041c298c07ce9cfe5d4ae2",
    "title": "User",
    "afkTime": -1,
    "badword": 0,
    "afkReason": "",
    "nick": "Y",
    "premium": false,
    "limit": 100,
    "totalLimit": 0
  },
  "6285789736278@s.whatsapp.net": {
    "serialNumber": "8d784da76bdda180a8f740d1d37b7c15",
    "title": "Premium",
    "afkTime": -1,
    "badword": 0,
    "afkReason": "",
    "nick": "🤝FRIENDS_STORE🤝",
    "premium": "true",
    "limit": 1000,
    "totalLimit": 0
  },
  "6285894180322@s.whatsapp.net": {
    "serialNumber": "3f554f167f78b2356d11cb5a669c6a44",
    "title": "User",
    "afkTime": -1,
    "badword": 0,
    "afkReason": "",
    "nick": "@jr",
    "premium": "false",
    "limit": 100,
    "totalLimit": 0
  },
  "6281332740123@s.whatsapp.net": {
    "serialNumber": "6ec5870aff4e04728db0cfe774a8aac8",
    "title": "User",
    "afkTime": -1,
    "badword": 0,
    "afkReason": "",
    "nick": "CY STORE (Faizin)",
    "premium": false,
    "limit": 100,
    "totalLimit": 0
  },
  "6289512483172@s.whatsapp.net": {
    "serialNumber": "b6c5705a4e6417e6322490df8ce4849f",
    "title": "User",
    "afkTime": -1,
    "badword": 0,
    "afkReason": "",
    "nick": "6289512483172",
    "premium": "false",
    "limit": 100,
    "totalLimit": 0
  },
  "62895614033342@s.whatsapp.net": {
    "serialNumber": "a35f788a220fc7f5da25dcd93f85e6d5",
    "title": "User",
    "afkTime": -1,
    "badword": 0,
    "afkReason": "",
    "nick": "A-aku PiwRizz🤩",
    "premium": false,
    "limit": 100,
    "totalLimit": 0
  },
  "6285932016367@s.whatsapp.net": {
    "serialNumber": "f24a1904924fb9f32383e72f41c83157",
    "title": "User",
    "afkTime": -1,
    "badword": 0,
    "afkReason": "",
    "nick": "Anggi Permana",
    "premium": "false",
    "limit": 100,
    "totalLimit": 0
  },
  "6285748245118@s.whatsapp.net": {
    "serialNumber": "0a25c396198551335fd9644616a22810",
    "title": "User",
    "afkTime": -1,
    "badword": 0,
    "afkReason": "",
    "nick": "Supri",
    "premium": "false",
    "limit": 100,
    "totalLimit": 0
  },
  "6281957987607@s.whatsapp.net": {
    "serialNumber": "fd650d83638d699f4be81d6ede0f16a9",
    "title": "User",
    "afkTime": -1,
    "badword": 0,
    "afkReason": "",
    "nick": "Alip🗿🗿",
    "premium": false,
    "limit": 100,
    "totalLimit": 0
  },
  "6285242721640@s.whatsapp.net": {
    "serialNumber": "210942e4d325ad66866ed1c106ba89bf",
    "title": "User",
    "afkTime": -1,
    "badword": 0,
    "afkReason": "",
    "nick": "Ardy",
    "premium": false,
    "limit": 100,
    "totalLimit": 0
  },
  "6283802784303@s.whatsapp.net": {
    "serialNumber": "f1699cf42870581fa8a240e12402de1d",
    "title": "User",
    "afkTime": -1,
    "badword": 0,
    "afkReason": "",
    "nick": "rhmd",
    "premium": "false",
    "limit": 100,
    "totalLimit": 0
  },
  "6285788272958@s.whatsapp.net": {
    "serialNumber": "0371f843f251a68676e45e21bde80e07",
    "title": "User",
    "afkTime": -1,
    "badword": 0,
    "afkReason": "",
    "nick": "EchoMarnie",
    "premium": "false",
    "limit": 100,
    "totalLimit": 0
  },
  "6285789546224@s.whatsapp.net": {
    "serialNumber": "ffd8c368931ce98b2f4c8b88a6c4b62a",
    "title": "User",
    "afkTime": -1,
    "badword": 0,
    "afkReason": "",
    "nick": ".",
    "premium": "false",
    "limit": 100,
    "totalLimit": 0
  }
}